[{
        "taskName" : 1,
        "TaskDescription": "Buy a phone",
        "Status": "In Progress",
        "StartDate": "2021-10-25",
        "DueDate" : "2021-10-28",
        "AsignetUser" : "Jhon"

      } , {
        "taskName" : 2,
        "TaskDescription": "Buy sweets",
        "Status": "To Do",
        "StartDate": "2021-10-22",
        "DueDate" : "2021-10-28",
        "AsignetUser" : "Doe"

      } ,  {
        "taskName" : 3,
        "TaskDescription": "Make Homework for SIT",
        "Status": "Done",
        "StartDate": "2021-10-24",
        "DueDate" : "2021-10-29",
        "AsignetUser" : "Cristi"

      } , {
        "taskName" : 4,
        "TaskDescription": "Take the kids to the park",
        "Status": "To Do",
        "StartDate": "2021-10-30",
        "DueDate" : "2021-10-30",
        "AsignetUser" : "Dad"

      } ,  {
        "taskName" : 5,
        "TaskDescription": "Learn Java Script",
        "Status": "In Progress",
        "StartDate": "2021-08-01",
        "DueDate" : "2022-01-01",
        "AsignetUser" : "Me"

      }]
  